<?xml version="1.0" encoding="UTF-8" standalone="no"?><?xml-stylesheet type="text/xsl" href="helden.xsl"?><helden Version="5.5.3"><held key="1595403455369" name="Anchas bre Bradruch" stand="1595403455908"><mods/><basis><geschlecht name="männlich"/><settings name="DSA4.1"/><rasse name="helden.model.rasse.Thorwaler" string="Thorwaler"><groesse gewicht="97" value="192"/><aussehen alter="18" augenfarbe="grün" aussehentext0="" aussehentext1="" aussehentext2="" aussehentext3="" familietext0="" familietext1="" familietext2="" familietext3="" familietext4="" familietext5="" gbjahr="1003" gbmonat="2" gbtag="17" gprest="16" gpstart="110" haarfarbe="rot" kalender="Bosparans Fall" stand="" titel=""/><variante name="Fjarninger"/></rasse><kultur name="helden.model.kultur.Gjalskerlaender" string="Gjalskerländer"/><ausbildungen><ausbildung art="Hauptprofession" name="helden.model.profession.Kundschafter" string="Kundschafter" tarnidentitaet=""><variante name="Kundschafter"/></ausbildung></ausbildungen><verify value="1"/><notiz notiz0="Notizen" notiz1="" notiz10="" notiz11="" notiz2="" notiz3="" notiz4="" notiz5="" notiz6="" notiz7="" notiz8="" notiz9=""/><portraet value=""/><abenteuerpunkte value="400"/><freieabenteuerpunkte value="400"/></basis><eigenschaften><eigenschaft mod="1" name="Mut" startwert="11" value="11"/><eigenschaft mod="0" name="Klugheit" startwert="8" value="8"/><eigenschaft mod="0" name="Intuition" startwert="12" value="12"/><eigenschaft mod="0" name="Charisma" startwert="8" value="8"/><eigenschaft mod="0" name="Fingerfertigkeit" startwert="8" value="8"/><eigenschaft mod="0" name="Gewandtheit" startwert="8" value="8"/><eigenschaft mod="2" name="Konstitution" startwert="10" value="10"/><eigenschaft mod="1" name="Körperkraft" startwert="8" value="8"/><eigenschaft mod="0" name="Sozialstatus" startwert="2" value="2"/><eigenschaft mod="11" name="Lebensenergie" value="0"/><eigenschaft mod="17" name="Ausdauer" value="0"/><eigenschaft grossemeditation="0" mod="0" mrmod="-5" name="Astralenergie" value="0"/><eigenschaft karmalqueste="0" mod="0" name="Karmaenergie" value="0"/><eigenschaft mod="-5" name="Magieresistenz" value="0"/><eigenschaft mod="0" name="ini" value="9"/><eigenschaft mod="0" name="at" value="6"/><eigenschaft mod="0" name="pa" value="6"/><eigenschaft mod="0" name="fk" value="6"/></eigenschaften><vt><vorteil name="Kälteresistenz"/><vorteil name="Jähzorn" value="6"/><vorteil name="Meeresangst" value="5"/><vorteil name="Totenangst" value="5"/></vt><sf><sonderfertigkeit name="Dschungelkundig"/><sonderfertigkeit name="Kulturkunde"><kultur name="Gjalskerländer"/></sonderfertigkeit></sf><ereignisse><ereignis obj="max GP für Helden: 110" text="EINSTELLUNG" time="1595403455907" version="HS 5.5.3"/><ereignis obj="max Eigenschafts-GP für Helden: 100" text="EINSTELLUNG" time="1595403455907" version="HS 5.5.3"/><ereignis obj="max Eigenschafts-Wert für Helden: 14" text="EINSTELLUNG" time="1595403455907" version="HS 5.5.3"/><ereignis obj="Eine größere Menge (400) AP wurde nicht genutzt und dem Helden gut geschrieben" text="Meistergenehmigung notwendig" time="1595403455908" version="HS 5.5.3"/><ereignis Alt="0" Neu="0" kommentar="5 GP" obj="Rasse: Thorwaler" text="RKP" time="1595403455908" version="HS 5.5.3"/><ereignis Alt="0" Neu="0" kommentar="9 GP" obj="Kultur: Gjalskerländer" text="RKP" time="1595403455908" version="HS 5.5.3"/><ereignis Alt="0" Neu="0" kommentar="7 GP" obj="Profession: Kundschafter" text="RKP" time="1595403455908" version="HS 5.5.3"/><ereignis Alt="0" Neu="12" kommentar="11 GP" obj="Mut: 12" text="EIGENSCHAFTEN" time="1595403455908" version="HS 5.5.3"/><ereignis Alt="0" Neu="8" kommentar="8 GP" obj="Klugheit: 8" text="EIGENSCHAFTEN" time="1595403455908" version="HS 5.5.3"/><ereignis Alt="0" Neu="12" kommentar="12 GP" obj="Intuition: 12" text="EIGENSCHAFTEN" time="1595403455908" version="HS 5.5.3"/><ereignis Alt="0" Neu="8" kommentar="8 GP" obj="Charisma: 8" text="EIGENSCHAFTEN" time="1595403455908" version="HS 5.5.3"/><ereignis Alt="0" Neu="8" kommentar="8 GP" obj="Fingerfertigkeit: 8" text="EIGENSCHAFTEN" time="1595403455908" version="HS 5.5.3"/><ereignis Alt="0" Neu="8" kommentar="8 GP" obj="Gewandtheit: 8" text="EIGENSCHAFTEN" time="1595403455908" version="HS 5.5.3"/><ereignis Alt="0" Neu="12" kommentar="10 GP" obj="Konstitution: 12" text="EIGENSCHAFTEN" time="1595403455908" version="HS 5.5.3"/><ereignis Alt="0" Neu="9" kommentar="8 GP" obj="Körperkraft: 9" text="EIGENSCHAFTEN" time="1595403455908" version="HS 5.5.3"/><ereignis Alt="0" Neu="2" kommentar="0 GP" obj="Sozialstatus: 2" text="EIGENSCHAFTEN" time="1595403455908" version="HS 5.5.3"/><ereignis Alt="0" Neu="0" kommentar="0 GP" obj="Jähzorn: 6" text="VORTEILE" time="1595403455908" version="HS 5.5.3"/><ereignis Alt="0" Neu="0" kommentar="0 GP" obj="Kälteresistenz" text="VORTEILE" time="1595403455908" version="HS 5.5.3"/><ereignis Alt="0" Neu="0" kommentar="0 GP" obj="Meeresangst: 5" text="VORTEILE" time="1595403455908" version="HS 5.5.3"/><ereignis Alt="0" Neu="0" kommentar="0 GP" obj="Totenangst: 5" text="VORTEILE" time="1595403455908" version="HS 5.5.3"/><ereignis obj="Auswahl" text="Dschungelkundig" time="1595403455908" version="HS 5.5.3"/><ereignis Neu="2" obj="Auswahl" text="Fleischer" time="1595403455908" version="HS 5.5.3"/><ereignis Neu="1" obj="Auswahl" text="Armbrust" time="1595403455908" version="HS 5.5.3"/><ereignis Neu="1" obj="Auswahl" text="Hiebwaffen" time="1595403455908" version="HS 5.5.3"/><ereignis Neu="3" obj="Auswahl" text="Speere" time="1595403455908" version="HS 5.5.3"/><ereignis Neu="4" obj="Auswahl" text="Athletik" time="1595403455908" version="HS 5.5.3"/><ereignis Neu="3" obj="Auswahl" text="Reiten" time="1595403455908" version="HS 5.5.3"/><ereignis Neu="2" obj="Auswahl" text="Boote fahren" time="1595403455908" version="HS 5.5.3"/><ereignis Neu="1" obj="Auswahl" text="Heraldik" time="1595403455908" version="HS 5.5.3"/><ereignis Neu="2" obj="Auswahl" text="Kriegskunst" time="1595403455908" version="HS 5.5.3"/><ereignis Neu="3" obj="Auswahl" text="Sprachen kennen Garethi" time="1595403455908" version="HS 5.5.3"/></ereignisse><talentliste><talent lernmethode="Gegenseitiges Lehren" name="Armbrust" probe=" (GE/FF/KK)" value="1"/><talent lernmethode="Gegenseitiges Lehren" name="Dolche" probe=" (GE/GE/KK)" value="2"/><talent lernmethode="Gegenseitiges Lehren" name="Hiebwaffen" probe=" (GE/GE/KK)" value="3"/><talent lernmethode="Gegenseitiges Lehren" name="Raufen" probe=" (GE/GE/KK)" value="2"/><talent lernmethode="Gegenseitiges Lehren" name="Ringen" probe=" (GE/GE/KK)" value="5"/><talent lernmethode="Gegenseitiges Lehren" name="Säbel" probe=" (GE/GE/KK)" value="0"/><talent lernmethode="Gegenseitiges Lehren" name="Speere" probe=" (GE/GE/KK)" value="5"/><talent lernmethode="Gegenseitiges Lehren" name="Wurfmesser" probe=" (GE/FF/KK)" value="0"/><talent lernmethode="Gegenseitiges Lehren" name="Zweihandhiebwaffen" probe=" (GE/GE/KK)" value="1"/><talent be="BEx2" lernmethode="Gegenseitiges Lehren" name="Athletik" probe=" (GE/KO/KK)" value="7"/><talent be="BEx2" lernmethode="Gegenseitiges Lehren" name="Klettern" probe=" (MU/GE/KK)" value="4"/><talent be="BEx2" lernmethode="Gegenseitiges Lehren" name="Körperbeherrschung" probe=" (MU/IN/GE)" value="3"/><talent be="BE-2" lernmethode="Gegenseitiges Lehren" name="Reiten" probe=" (CH/GE/KK)" value="3"/><talent be="BE" lernmethode="Gegenseitiges Lehren" name="Schleichen" probe=" (MU/IN/GE)" value="4"/><talent be="BEx2" lernmethode="Gegenseitiges Lehren" name="Schwimmen" probe=" (GE/KO/KK)" value="3"/><talent be="" lernmethode="Gegenseitiges Lehren" name="Selbstbeherrschung" probe=" (MU/KO/KK)" value="2"/><talent be="BE-2" lernmethode="Gegenseitiges Lehren" name="Sich verstecken" probe=" (MU/IN/GE)" value="4"/><talent be="BE-3" lernmethode="Gegenseitiges Lehren" name="Singen" probe=" (IN/CH/CH)" value="0"/><talent be="0-&gt;BE" lernmethode="Gegenseitiges Lehren" name="Sinnenschärfe" probe=" (KL/IN/IN)" value="8"/><talent be="BEx2" lernmethode="Gegenseitiges Lehren" name="Tanzen" probe=" (CH/GE/GE)" value="0"/><talent be="" lernmethode="Gegenseitiges Lehren" name="Zechen" probe=" (IN/KO/KK)" value="1"/><talent lernmethode="Gegenseitiges Lehren" name="Menschenkenntnis" probe=" (KL/IN/CH)" value="0"/><talent lernmethode="Gegenseitiges Lehren" name="Überreden" probe=" (MU/IN/CH)" value="0"/><talent lernmethode="Gegenseitiges Lehren" name="Fährtensuchen" probe=" (KL/IN/KO)" value="7"/><talent lernmethode="Gegenseitiges Lehren" name="Fallen stellen" probe=" (KL/FF/KK)" value="3"/><talent lernmethode="Gegenseitiges Lehren" name="Fesseln/Entfesseln" probe=" (FF/GE/KK)" value="3"/><talent lernmethode="Gegenseitiges Lehren" name="Fischen/Angeln" probe=" (IN/FF/KK)" value="3"/><talent lernmethode="Gegenseitiges Lehren" name="Orientierung" probe=" (KL/IN/IN)" value="7"/><talent lernmethode="Gegenseitiges Lehren" name="Wettervorhersage" probe=" (KL/IN/IN)" value="5"/><talent lernmethode="Gegenseitiges Lehren" name="Wildnisleben" probe=" (IN/GE/KO)" value="7"/><talent lernmethode="Gegenseitiges Lehren" name="Geografie" probe=" (KL/KL/IN)" value="2"/><talent lernmethode="Gegenseitiges Lehren" name="Götter und Kulte" probe=" (KL/KL/IN)" value="2"/><talent lernmethode="Gegenseitiges Lehren" name="Heraldik" probe=" (KL/KL/FF)" value="1"/><talent lernmethode="Gegenseitiges Lehren" name="Kriegskunst" probe=" (MU/KL/CH)" value="2"/><talent lernmethode="Gegenseitiges Lehren" name="Rechnen" probe=" (KL/KL/IN)" value="0"/><talent lernmethode="Gegenseitiges Lehren" name="Sagen und Legenden" probe=" (KL/IN/CH)" value="2"/><talent k="21" lernmethode="Gegenseitiges Lehren" name="Sprachen kennen Alaani" probe=" (KL/IN/CH)" value="4"/><talent k="18" lernmethode="Gegenseitiges Lehren" name="Sprachen kennen Garethi" probe=" (KL/IN/CH)" value="3"/><talent k="15" lernmethode="Gegenseitiges Lehren" name="Sprachen kennen Ologhaijan" probe=" (KL/IN/CH)" value="6"/><talent k="18" lernmethode="Gegenseitiges Lehren" name="Sprachen kennen Thorwalsch" probe=" (KL/IN/CH)" value="6"/><talent k="14" lernmethode="Gegenseitiges Lehren" name="Lesen/Schreiben Gjalskisch" probe=" (KL/KL/FF)" value="0"/><talent lernmethode="Gegenseitiges Lehren" name="Abrichten" probe=" (MU/IN/CH)" value="1"/><talent lernmethode="Gegenseitiges Lehren" name="Boote fahren" probe=" (GE/KO/KK)" value="2"/><talent lernmethode="Gegenseitiges Lehren" name="Feuersteinbearbeitung" probe=" (KL/FF/FF)" value="1"/><talent lernmethode="Gegenseitiges Lehren" name="Fleischer" probe=" (KL/FF/KK)" value="2"/><talent lernmethode="Gegenseitiges Lehren" name="Heilkunde: Gift" probe=" (MU/KL/IN)" value="3"/><talent lernmethode="Gegenseitiges Lehren" name="Heilkunde: Krankheiten" probe=" (MU/KL/CH)" value="2"/><talent lernmethode="Gegenseitiges Lehren" name="Heilkunde: Wunden" probe=" (KL/CH/FF)" value="3"/><talent lernmethode="Gegenseitiges Lehren" name="Holzbearbeitung" probe=" (KL/FF/KK)" value="3"/><talent lernmethode="Gegenseitiges Lehren" name="Kochen" probe=" (KL/IN/FF)" value="1"/><talent lernmethode="Gegenseitiges Lehren" name="Lederarbeiten" probe=" (KL/FF/FF)" value="3"/><talent lernmethode="Gegenseitiges Lehren" name="Malen/Zeichnen" probe=" (KL/IN/FF)" value="0"/><talent lernmethode="Gegenseitiges Lehren" name="Schneidern" probe=" (KL/FF/FF)" value="2"/></talentliste><zauberliste/><kampf><kampfwerte name="Dolche"><attacke value="6"/><parade value="6"/></kampfwerte><kampfwerte name="Hiebwaffen"><attacke value="6"/><parade value="6"/></kampfwerte><kampfwerte name="Raufen"><attacke value="6"/><parade value="6"/></kampfwerte><kampfwerte name="Ringen"><attacke value="6"/><parade value="6"/></kampfwerte><kampfwerte name="Säbel"><attacke value="6"/><parade value="6"/></kampfwerte><kampfwerte name="Speere"><attacke value="6"/><parade value="6"/></kampfwerte><kampfwerte name="Zweihandhiebwaffen"><attacke value="6"/><parade value="6"/></kampfwerte></kampf><gegenstände/><BoniWaffenlos/><kommentare/><ausrüstungen><heldenausruestung name="jagtwaffe" nummer="0" set="0"/></ausrüstungen><verbindungen/><extention/><geldboerse/><plugindata/></held><Signature xmlns="http://www.w3.org/2000/09/xmldsig#"><SignedInfo><CanonicalizationMethod Algorithm="http://www.w3.org/TR/2001/REC-xml-c14n-20010315#WithComments"/><SignatureMethod Algorithm="http://www.w3.org/2000/09/xmldsig#dsa-sha1"/><Reference URI=""><Transforms><Transform Algorithm="http://www.w3.org/2000/09/xmldsig#enveloped-signature"/></Transforms><DigestMethod Algorithm="http://www.w3.org/2000/09/xmldsig#sha1"/><DigestValue>GZZEvaajuCfAzTb+EL8eZFF1Yps=</DigestValue></Reference></SignedInfo><SignatureValue>L2YddkjYGHI+4yKx1YQRikUaqsOVlW9hHknC1NR7lDF3vFH4xN+hhw==</SignatureValue><KeyInfo><KeyValue><DSAKeyValue><P>/KaCzo4Syrom78z3EQ5SbbB4sF7ey80etKII864WF64B81uRpH5t9jQTxeEu0ImbzRMqzVDZkVG9&#13;
xD7nN1kuFw==</P><Q>li7dzDacuo67Jg7mtqEm2TRuOMU=</Q><G>Z4Rxsnqc9E7pGknFFH2xqaryRPBaQ01khpMdLRQnG541Awtx/XPaF5Bpsy4pNWMOHCBiNU0Nogps&#13;
QW5QvnlMpA==</G><Y>uVrvWkzIbUdL7E80AiD0PJDX3Ck0beY5StXp1wDAA1/ePpemd6rTBNd8YoCzOovNrX016YMcTSiO&#13;
iExM4RWtJA==</Y></DSAKeyValue></KeyValue></KeyInfo></Signature></helden>